titles,timestamp
Youth wrestling program,2017-09-29 08:09
Wanted free clean fill dirt or sand,2017-09-29 08:05
"PC's, Equipment, Tevo, Parts",2017-09-29 08:04
FURNITURE,2017-09-28 22:20
"Huge Stump for carving, or ???",2017-09-28 19:55
Free Working Older Dishwasher,2017-09-28 19:53
Entertainment Center,2017-09-28 15:23
"Free wood, metal, plastic, tables, shelves",2017-09-28 12:32
4 Free Office Chairs,2017-09-27 16:39
WOOD!!!,2017-09-26 18:22
Pallets,2017-09-26 16:08
free pallets,2017-09-26 15:25
free pallets,2017-09-26 15:13
Free Pallets,2017-09-26 14:14
Craft stuff,2017-09-26 13:55
Free Bee Swarm or Bee Honey Hive Removals,2017-09-26 12:00
Table Conference style seats at least 10 people!,2017-09-26 10:52
Couch and loveseat,2017-09-26 09:48
Free Moving Boxes,2017-09-25 20:50
Free printers,2017-09-25 20:45
Desk (free),2017-09-25 19:05
Free Wood Scrap,2017-09-25 13:13
Tons of stuff,2017-09-25 12:47
Pair of Tool Boxes,2017-09-25 11:26
FREE oversized chairs!,2017-09-24 20:34
FREE queen boxspring in Fort Collins,2017-09-24 13:59
free horse manure - prepare your garden for next spring!,2017-09-24 12:41
Scrap wood for projects or burning,2017-09-24 06:48
concrete sink,2017-09-23 17:32
Salt Water specimens to trade,2017-09-23 15:54
Free pallets,2017-09-23 14:57
Pallets and Cable Spool ends,2017-09-23 14:27
Free couch,2017-09-23 13:56
Free iris rhizomes,2017-09-23 13:54
Free boxes,2017-09-23 12:53
Free stuff,2017-09-23 12:19
"Tomato, Plant or Tree cages",2017-09-23 11:58
Apples for pies,2017-09-23 11:50
Color Laserjet 1600 with IOGear WiFi print hub,2017-09-23 11:21
Scrappers cum get sum!,2017-09-23 10:36
7 gallons of E85 with about 10% being gasoline,2017-09-23 10:30
Free Couch and Chair,2017-09-23 09:36
Nostalgic 1960's Admiral Refrigerator,2017-09-23 09:09
Free Leather couch and recliner,2017-09-23 08:33
Free landscape river rock,2017-09-23 08:33
Amish Made couch,2017-09-22 15:56
"Dining set, 2 pull-out couches",2017-09-22 15:54
4 pieces of wood-look fiberboard,2017-09-22 14:45
Free mags,2017-09-22 12:23
Scrap metal,2017-09-22 07:11
Pickup bed equipment organizer,2017-09-22 06:07
Free dishwasher,2017-09-22 05:31
Free Dressers,2017-09-21 15:59
Free Gate Brackets for a 4 Foot Chainlink Fence Gate,2017-09-21 13:07
2 chairs,2017-09-21 11:59
Free Cast Iron Sink,2017-09-21 10:22
SHATTER WARNING,2017-03-13 14:21
